id,first_name,last_name,email,gender
1,Marshall,Severy,msevery0@answers.com,Male
2,Coleman,Wraith,cwraith1@twitpic.com,Male
3,Sherrie,Faier,sfaier2@google.ca,Female
4,Chrissie,Drennan,cdrennan3@admin.ch,Female
5,Carla,Slayny,cslayny4@tripadvisor.com,Female
6,Jennie,Peirpoint,jpeirpoint5@youtu.be,Female
7,Ryann,Whiteland,rwhiteland6@ustream.tv,Female
8,Diana,Coton,dcoton7@smugmug.com,Male
9,Suzie,Saile,ssaile8@jalbum.net,Female
10,Estelle,Beardsley,ebeardsley9@ftc.gov,Female
11,Valeda,Dabrowski,vdabrowskia@ebay.com,Female
12,Sidonnie,Burness,sburnessb@shutterfly.com,Female
13,Giovanni,Lytton,glyttonc@wisc.edu,Male
14,Ivett,Sabbins,isabbinsd@dagondesign.com,Female
15,Alwin,Blandamere,ablandameree@cnn.com,Male
16,Blane,Dallimare,bdallimaref@goo.gl,Male
17,Augustin,Yeudall,ayeudallg@skype.com,Male
18,Allix,Gludor,agludorh@xing.com,Female
19,Barry,Iorns,biornsi@quantcast.com,Male
20,Bunnie,Bucknell,bbucknellj@netlog.com,Female
